by,descendants,id,kids,score,time,title,type,url
belter,43,28029479,"28030484,28030674,28031515,28031089,28030549,28030060,28029974,28030577,28030328,28030801",114,1627848910,Google Cloud reported an operating loss of $5.6B in 2020,story,https://www.theregister.com/2021/05/18/google_cloud_confirm_departure_of/
topherhaddad,128,25989085,"25989253,25993947,25989363,25989413,25990928,25990319,25996839,25994080,25995506,25990579,25992483,25990749,25989581,25989511,25992122,25989732,25989264,25989452,25998261,25992900,25998796,25989249,26003242,25999462,25989442,25993597,25992584,25993869,25991181,25995283,25989598,25989638,25996024,26004388,26027643,25989894,25992502,25989254,25990194,26014548,25991056,25995179,25989274,25989983,25991297,25998288,26077512,25995545,25995807,25990061,25989617,26000527,25998701,25989267",202,1612190710,Launch HN: Albedo (YC W21) – Highest resolution satellite imagery,story,
spahl,114,25991485,"25992763,25995842,26000819,25998536,25991764,25995152,25992081,25992648,25992237,25995949,25992468,25992253,25995738,25993447,25998879,25995718,25993363,25991996,25998641,25995556,25995307,26001592,25996730,25994242,25992233,26005926,25991798,25991661,25991741,25991799",316,1612203378,Launch HN: Opstrace (YC S19) – open-source Datadog,story,
gibsonf1,118,25989698,"25991239,25990818,25992088,25989922,25990719,25993850,25992573,25993980,25991102,25991376,25992862,25990418,25991460,25990561,25994769,25990956,25992083,25990280,25990300,25991273,25992369,25992879,25989985,25990313,25990445,25998225,25990805,25990824,25993647,25996187,25994234,25990686,25993182,25996791,25990417,25990124",350,1612194840,"Solid Project: All of your data, under your control",story,https://solidproject.org/
homarp,151,25990702,"25992891,25992843,25992783,25992582,25993283,25991624,25992078,25991849,25992802,25992297,25992861,25991267,25991932,25992561,25991217,25992645,25998364,25991724,25992112,25993159,25994472,25991859,25994578,25994588,25995950,25992674,25992458,25993787,25997500,25991402,25995846,25992949,25993336,25996564,25991847,26005304,25997465,25999435,25992685,25997203,25995019",508,1612200019,"FastAPI framework, high perf, easy to learn, fast to code, ready for production",story,https://fastapi.tiangolo.com/
jbk,316,25992735,"25993417,25992917,25993079,25994568,25993866,25995624,25992918,25994103,25992993,25994677,25992942,25995643,25992939,25996428,25994689,25994825,25994009,25995272,25993488,25997806,25998994,25997147,25993640,25993991,25994181,25993412,25998464,25993844,25996606,25995233,25997271,25994145,25994989,25995924,25997814,26040509,25996959,25996394,25995929,25997774,25993448,25993741,25993726,25993330,25993295,25998124,25993476,25997384,25995516,25993479,25997726,25994499,25995284,25994502,25994130,25996954,25995931,25993579,25994772,25993646,25994555,25994512,25993938,25992995",1337,1612208525,VideoLAN is 20 years old today,story,https://www.videolan.org/press/videolan-20.html
haki,78,25988871,"25989204,25991484,25989761,25997169,25990617,25989622,25989928,25989167,25990758,25994436,25989192,25995513,25989220,25990796,25993068,25990159,25993934,25996294,25996666",375,1612189066,An unexpected find that freed 20GB of unused index space in PostgreSQL,story,https://hakibenita.com/postgresql-unused-index-size
syllogism,81,25988702,"25989544,25988826,25989277,25988741,25995202,25990715,25988825,25992606,25994707,25989595,25997568,25991963,25990603,25997174,26034646,25998042,25989927,25989863,25992694,26002811,25989245,25989177",484,1612187876,SpaCy 3.0,story,https://github.com/explosion/spaCy/releases/tag/v3.0.0
rbanffy,446,25992390,"25994332,25992809,25992899,25994575,25993543,25992895,25997092,25994915,25995231,25995237,25995573,25994778,25993115,25994004,25993374,25995633,25992886,25997042,25996139,25995095,25998430,25994001,25995414,25999834,25996208,25995329,25996565,25998712,25999434,25993043,25998729,25998304,25997427,25999231,25998183,25996228,26000529,25995781,25995250,25995898,25998578,25995925,25999447,25997178,25998102,25998422,25993401",277,1612206976,Me and ADHD,story,https://www.linkedin.com/pulse/adhd-me-ish-verduzco/
Bluestein,58,25982456,"25984563,25982457,25983113,25983764,25984631,25983322,25983692,25983553,25987874,25983224,25984275,25983428,25983141,25985751,25984281,25987779,25984378,25983454,25988033,25986877,25987816,25982647,25985653",148,1612126287,ZX Spectrum Next: The Evolution of the Speccy,story,https://www.specnext.com/about/
danso,813,25992664,"25994423,25993246,25994532,25993056,25994087,25993327,25993066,25993492,25995817,25993131,25993268,25997516,25993290,25997312,25993801,25993643,25993590,25993263,25994633,25998028,25993993,25993880,25993568,25994626,25993096,25993434,25994163,25997379,25994539,25994099,25995140,25994684,25994169,25993052,25995441,25994247,25996199,25993334,25994622,25994851,25993311,25996038,25993559,25993664,25995221,25994806,25994388,25993029,25999431,25995593,25993457,25994581,25993711,26001846,25993522,25993600,25997667,25996052,25993247,25994680,25996029,25995446,25997259,25995893,25994941,25996065,25994985,25997007,25995948,25996493,25996090,25993588,25999620,25994170,25995378,25997354,25995142,25995192,25993074,25998109,25994947,25997653,25994844,25993634,25993085,25997048,25994694,25994732,25995880,25993536,25993087,25994960,25993426,25993134,25998810,25995327",655,1612208202,"Google Stadia shuts down internal studios, changing business focus",story,https://kotaku.com/google-stadia-shuts-down-internal-studios-changing-bus-1846146761
ekianjo,183,25984328,"25986469,25984876,25985350,25985261,25985085,25985225,25987360,25984759,25985277,25985308,25985673,25984968,25986538,25985605,25985019,25988889,25985644,25988150,25986511,25985959,25985597,25985634,25989701,25989731,25989719,25986971,25986603,25986447,25990409,25989016,25985014",224,1612140667,AMD vs. Intel vs. Nvidia: How Users Are Switching,story,https://boilingsteam.com/amd-vs-nvidia-are-linux-gamers-switching-yet/
EntICOnc,11,25968101,"25985639,25984800,25985543,25985122,25988290",116,1612004432,Chicago Museum – Public Access to Our Public Presence: Sharing Our API,story,https://www.artic.edu/articles/902/public-access-to-our-public-presence-sharing-our-api
pseudolus,126,25978242,"25995729,25992944,25993266,25993855,25993338,25996719,25994991,25998691,25995854,25993143,25994525,25995561,25997441,25994764,25993877,25994538,25993681,25997183,25994692,25993232,25994992,25996347,25996510,25994119,25994022",148,1612095269,Food Grammar: Unspoken rules of cuisine,story,https://www.atlasobscura.com/articles/do-italians-eat-spaghetti-and-meatballs
rhencke,105,25983759,"25985645,25985095,25984620,25984685,25985506,25984797,25984498,25988056,25984609",203,1612136084,Bedrock Linux – a meta Linux distribution,story,https://bedrocklinux.org/
georgewfraser,89,25992464,"25994340,25995245,25993879,25993425,25996668,25995793,25993400,25998750,25993446,25994301,25993251",148,1612207262,Databricks is an RDBMS,story,https://fivetran.com/blog/databricks-is-an-rdbms
mtlynch,102,25989010,"25990311,25989035,25995605,25995479,25996285,25992278,25990422,25990792,25990245,25990836,25991776,25990747,25996147,25992916,25991024,25992629,25996827,25989284,26000629,25990387,25992989,25992631,25990165,26001221,26002145,25991344,25989132,25997589,25990284,25990488,26001383,25992430",385,1612190119,My Third Year as a Solo Developer,story,https://mtlynch.io/solo-developer-year-3/
philips,48,25995034,"25997330,25995439,25995340,25998625,25996010,25995574,25995510,26000416,25996338,25997690,25998070,25996605,25995435,25995986,25995586",106,1612218776,Tamper-Evident Logs,story,https://transparency.dev/
pabs3,170,25986378,"25986604,25986569,25986542,25986510,25986695,25988430,25986829,25987237,25986578,25990884,25986556,25986960,25989925,25990531,25986539,25991665,25987375,25991930,26011172,25987855,25989993,25990355,25987544,25990004,25986780,25988467,25986664,25992964,25986485,25989190,26016448",279,1612163695,gemini:// space,story,https://spwhitton.name//blog/entry/geminispace/
osamagirl69,25,25985084,"25988241,25985763,25986023,25985740,25985961,25986562,25988533",107,1612148877,A cloak-and-dagger tale behind an anticipated result in particle physics,story,https://www.sciencemag.org/news/2021/01/cloak-and-dagger-tale-behind-year-s-most-anticipated-result-particle-physics
apollinaire,30,25976048,"25987825,25987396,25986178,25989043,25987467,25988772",76,1612068375,"James Baldwin, Here and Elsewhere",story,https://www.publicbooks.org/james-baldwin-here-and-elsewhere/
7d7n,70,25989532,"25990518,26142147,25989926,25990712,25992872,25990620,25992105,25992814,25995125,25991501,25990277,25990000,25991726,25990979,25990794,25991609,25997788,25992287,25990913,25992508,25990045,25990727,25991308,25990413",196,1612193687,The Focus to Say No (2011),story,https://fs.blog/2011/09/steve-jobs-saying-no/
antigizmo,293,25993512,"25996255,25994358,25994948,25994918,25997651,25997158,25997019,25996441,25994396,25994890,25994795,25997752,25994386,25998067,25994820,25994559,25994910,25995957,25994990,25996563,25994791,25994245,26002518,25994766,25997171,25994492,25996701,25995120,25994579,25997490,25994968,25996375,25995110,26004978,25998111,25996782,25995261,25994398,25997008,26109710,25995162,25997825,26000059,25994995,25995118,25995389,26005599,25998274,25997876,25996475,26001840,25998839,25996176,25996826,25996213,25994924,25996580,25999019,25997843,25997702,25998018,25994536,25998703,25996927,25996872,25995996,25996180,25997531,26000031,25996555,25997226,26000278,25995051",188,1612211794,What’s Wrong With The Honeywell Humidifier,story,https://angelalashbrook.medium.com/whats-wrong-with-the-honeywell-humidifier-f165284aeaa4
mmastrac,37,25971355,"25985323,25986906,25984930",85,1612030276,Uf2: USB Flashing Format,story,https://github.com/microsoft/uf2
mfer,188,25990385,"25990515,25990430,25990570,25990527,25990473,25990509,25995754,25994123,25991256,25991357,25997768,25990573,25990598,25990863,25990553,25990868,25992426,25995127,25990760,25991414,25990784,25990625,25990751,25990730,25997090,25990612,25995191,25990756,25990735,25990888",113,1612198414,"Ford, Google form 'strategic partnership' on cloud services, Android",story,https://www.detroitnews.com/story/business/autos/ford/2021/02/01/ford-google-form-six-year-strategic-partnership/4337504001/
upofadown,108,25982860,"25984924,25984641,25983787,25984079,25983850,25984605,25983418,25986742,25983423,25984660,25983349,25984393,25986551,25983886,25983403,25986096,25987020,25983856,25984937,25985669,25983884,25985065,25986342,25984892,25987290,25998475,25984802,25983306,25984185,25984204",168,1612129532,WhatsApp and the Domestication of Users,story,https://seirdy.one/2021/01/27/whatsapp-and-the-domestication-of-users.html
masalah,320,25986515,"25986847,25987168,25986896,25986881,25989159,25988098,25987397,25986837,25986867,25987049,25987635,25989162,25987600,25987354,25986870,25988539,25989572,25986770,25987658,25988017,25989036,25988993,25990909,25989649,25988899,25993725,25986723,25988057,25987895,25987583,25991586,26016782,25989814,25988780,25986988,25987244,25987093,25987258,25986945,25990958",761,1612165753,Apple watch keyboard developer put off by app store scammers,story,https://twitter.com/keleftheriou/status/1356011069395755009
icer2020,29,25984472,"25985141,25986301,25984703,25987471,25988227,25988164,25986081,25986968,25988269,25987344",61,1612142113,Show HN: A retrainable subtitle synchronizer you can now build your own,story,https://subaligner.readthedocs.io/
benedikt,106,25988228,"25988931,25989629,25990767,25990766,25989488,25995769,25992232,25988970,25988782,25989133,25988842,25996889,25989670,25988813,25989361,25996675,25994983,25991920,25990244",313,1612184373,Slack’s Outage on January 4th 2021,story,https://slack.engineering/slacks-outage-on-january-4th-2021/
walterbell,171,25984829,"25985267,25985797,25985579,25986461,25986690,25987034,25985375,25986117,25985547,25985537,25985488,25984919,25986978,25985324,25991104,25985460,25986055,25985538,25985491,25985675,25986468,25988466,25988023,25986146,25985262,25988455,25985127,25998185,25985265,25998004,25989900,25985410,25988370,25986102,25985576,25988080,25985559,25987084,25985523,25985465",172,1612145270,Spotify patent would suggest songs based on users' emotions,story,https://www.bbc.com/news/entertainment-arts-55839655
awll,133,27008743,"27010241,27015426,27009831,27010412,27014627,27011743,27009705,27009829,27014879,27017025,27010498,27011078,27009911,27021652,27010261,27011631,27013560,27010092",278,1619894925,A whale who tried to mimic human speech (2014),story,https://www.smithsonianmag.com/science-nature/story-one-whale-who-tried-bridge-linguistic-divide-between-animals-humans-180951437/
visox,214,27007767,"27007768,27009314,27008432,27008905,27008185,27009252,27007994,27011455,27008566,27010664,27010080,27009702,27008094,27008581,27010137,27008812,27008250,27016899,27008172,27008899,27009909,27012225,27011149,27009228,27007997,27009084,27009167,27009657,27014614,27009211,27010056,27014678,27014767,27009222,27008357,27008183",607,1619887985,List of apps people pay for but have low rating,story,http://ideasfilter.com/
todsacerdoti,469,27010556,"27014706,27012745,27013083,27010822,27010660,27012531,27013278,27014987,27011081,27013732,27010597,27014579,27012913,27012778,27012325,27011058,27012406,27012286,27011031,27010635,27013457,27014511,27013498,27013347,27014031,27014043,27013424,27012742,27011029,27033262,27013911,27013562,27012476,27013481,27010748,27010894,27016496,27032148,27016452,27011264,27014234,27014887,27018451,27013816,27014163,27013028,27012396,27012348,27012323,27012890,27012624",351,1619908980,Will Linux phones stay around this time?,story,https://linmob.net/will-linux-phones-stay-around-this-time/
pengaru,501,27009044,"27010194,27009975,27009782,27011019,27010258,27012777,27010152,27011053,27010315,27010833,27011615,27009732,27009928,27010663,27010344,27011502,27010305,27011201,27010970,27010013,27011115,27009664,27010783,27010010,27012577,27009997,27009974,27009811,27015365,27010007,27010448,27014251,27015223,27010848,27010640,27009796,27013848,27009985,27013596,27009914,27011380,27037992,27011675,27014913,27011765,27010543,27010983,27011812,27010667,27012375,27011874,27011434,27011499,27011353,27009970,27010471,27009707,27017143,27011491,27015587,27012861,27010583,27021260,27012449,27010158,27010142,27010336,27009069",792,1619896952,“Shared libraries are not a good thing in general”,story,https://lore.kernel.org/lkml/CAHk-=whs8QZf3YnifdLv57+FhBi5_WeNTG1B-suOES=RcUSmQg@mail.gmail.com/
DoomHotel,189,27000570,"27001694,27000728,27000745,27003109,27008957,27000833,27001727,27000809,27001115,27001609,27009482,27003699,27000855,27002138,27000832,27002522,27159100,27004272,27006806,27003098,27012707,27023619,27003612,27005027,27000776,27003989,27001316,27002166,27001048",417,1619823228,New x86 micro-op vulnerability breaks all known Spectre defenses,story,https://www.sciencedaily.com/releases/2021/04/210430165903.htm
meiji163,40,26990000,"27008719,27010147,27009530,27011834,27008836,27013568,27010250,27015238,27008999,27013303,27013913,27008880,27008944,27009737,27009550",184,1619759408,Hopfield Networks Is All You Need,story,https://ml-jku.github.io/hopfield-layers/
Hooke,83,26989658,"27006081,27001902,27005581,27002041,27005278,27004487,27007079,27002352,27006340,27006095,27003545,27002509,27003669,27001991",136,1619754344,Weary of Work,story,https://www.laphamsquarterly.org/roundtable/weary-work
bitcharmer,487,27004577,"27004706,27007927,27004892,27004681,27005006,27005198,27007700,27004748,27004628,27005878,27004682,27006179,27008006,27004741,27004689,27005061,27004835,27005416,27004742,27004949,27004703,27004928,27004899,27006795,27005288,27005331,27004774,27006269,27005443,27004951,27007067,27007044,27009996,27006942,27004816,27011738,27009230,27006272,27006583,27006062,27006167,27010369,27004702,27016006,27006145,27007271,27004663,27009688,27005060,27010131,27005826,27007520,27006401,27004767,27007983,27010357,27005169,27008693,27005206,27010512,27074236,27008731,27005740,27007263,27007572,27005023,27006482,27005117",922,1619859314,Piano teacher gets copyright claim for Beethoven’s Moonlight Sonata [video],story,https://www.youtube.com/watch?v=WcyOxtkafMs
techolic,94,27002843,"27005201,27003251,27004247,27003386,27004860,27004369,27003064,27004751,27005493,27003944,27005379,27005997,27003161,27007956",186,1619840511,Flocculant/Disinfectant Powder,story,https://www.cdc.gov/safewater/flocculant-filtration.html
eitland,55,27009468,"27010352,27009916,27014592,27009734,27009826,27012761,27009663,27010784,27009731",181,1619900409,Fediverse.Party – Explore Federated Networks,story,https://fediverse.party/en/miscellaneous
adrian_mrd,17,26980084,"27004981,26996977",55,1619697970,Sir Douglas Nicholls,story,https://en.wikipedia.org/wiki/Douglas_Nicholls
RachelF,399,27001848,"27003530,27002848,27002665,27002449,27003370,27002370,27003256,27002439,27002379,27005423,27006643,27006948,27004671,27004014,27005010,27002498,27004983,27007595,27005991,27005979,27002538,27005228,27007773,27003863,27007026,27002636,27002568,27002581",358,1619831452,SSD makers start warning that mining products like ChiaCoin will void warranty,story,https://www.guru3d.com/news-story/ssd-makers-start-waring-that-mining-products-like-chia-coin-will-void-warranty.html
luu,16,26989534,"27004910,27004813,27001878,27001959,27003554,27005731,27004236",56,1619752570,Build a giant live scrolling tickertape display,story,https://wp.josh.com/2021/04/21/build-a-live-scrolling-tickertape/
awb,68,27009978,"27010797,27010722,27014532,27010606,27016143,27013171,27010576,27011904,27012207",109,1619904340,Longest pedestrian suspension bridge opens in Portugal,story,https://www.reuters.com/lifestyle/oddly-enough/high-anxiety-worlds-longest-pedestrian-suspension-bridge-opens-portugal-2021-04-29/
Garbage,64,27006740,"27008386,27008400,27008810,27010395,27007978,27010574,27009902,27127306,27007668,27008835,27007012,27008931,27009912,27012097,27008344,27008033,27012010,27010102,27009636,27007616,27009955",293,1619880394,Readme.so – Easiest Way to Create a Readme,story,https://readme.so/
milkbikis,50,27007844,"27009823,27010929,27009587,27011963,27010629,27009752,27012538,27010446,27016546,27012334,27012340,27013577,27009597,27010687,27010855,27031059,27013901,27010119,27010610,27010922",178,1619888703,Show HN: GitHub style split diffs in your terminal,story,https://github.com/banga/git-split-diffs
deadcoder0904,127,26978933,"27007279,27007586,27007208,27008140,27007226,27009183,27007086,27011909,27007730,27007880,27009123,27007955,27007772,27010377,26978942,26979102,27008068,27007443,27011636,27008144",144,1619687531,Market is the most important factor in a startup's success or failure (2007),story,https://pmarchive.com/guide_to_startups_part4.html
pimterry,75,26991505,"27008093,27009109,27007993,27007604,27007749,27008066,27008166,27007977",296,1619776328,Scaling monorepo maintenance,story,https://github.blog/2021-04-29-scaling-monorepo-maintenance/
_mouvantsillage,27,26990615,"26990661,27006594,27009236,27005801,27006240",122,1619766734,Show HN: A RISC-V core in Racket,story,http://guillaume.baierouge.fr/2021/04/23/simulating-digital-circuits-in-racket/a-risc-v-core-in-racket/index.html
DominoTree,11,27009522,"27019886,27012172,27010245,27011240,27011822",74,1619900782,EmuTOS: A Free OS for computers based on M68K processors including the Atari ST,story,https://emutos.sourceforge.io/
rbanffy,58,26990920,"27008568,27008913,27008459,27009961,27008907,27008228,27007833,27009647,27008292,27009774,27008423,27008466,27008233,27011145,27007732",91,1619770238,Pen plotters: not just output devices (2016),story,https://scruss.com/blog/2016/05/17/pen-plotters-not-just-output-devices/
EntICOnc,10,26990671,"27006353,27011479,27006783,27008254",115,1619767309,PySDR: A Guide to SDR and DSP Using Python [video],story,https://fosdem.org/2021/schedule/event/fsr_pysdr_guide_to_sdr_and_dsp_using_python/
jsnell,35,27006476,"27008916,27008670,27008165,27008997,27007851,27015519,27016642,27010993,27009816,27008593,27009353,27007807",148,1619878338,Query Engines: Push vs. Pull,story,http://justinjaffray.com/query-engines-push-vs.-pull/
adrianN,41,26979636,"27006271,27007580,27005782,27004881,27005543,27006766,27006211,27005407,27008904,27009260,27007222,27004990",291,1619694555,Simplifier,story,https://simplifier.neocities.org/index.html
smklein,16,26995445,"27000492,26999721,26999159,27002407,27001501",109,1619799549,Exploiting Undocumented Hardware Blocks in the LPC55S69,story,https://oxide.computer/blog/lpc55/
low_tech_punk,59,27010144,"27011302,27011278,27010514,27011878,27015110,27011162,27014510,27010685,27010534",110,1619905362,Turn GitHub into an RSS Reader,story,https://github.com/osmoscraft/osmosfeed
yabones,49,27001303,"27005093,27001634,27001951,27008169,27012734,27001768,27001754,27004796,27002825",174,1619827496,OpenBSD 6.9,story,https://www.openbsd.org/69.html
jamesponddotco,69,27001736,"27006321,27004127,27004143,27004292,27005457,27006221,27004383,27005344,27004044,27004319,27011330,27006511,27004500,27004329,27005220,27004089",163,1619830461,Elementary OS 6 beta,story,https://blog.elementary.io/elementary-os-6-odin-beta/
danielrpa,9,27003445,"27005865,27005908,27005871,27007311,27008700,27006029",120,1619846946,John Tiller has died,story,https://johntillersoftware.com/index.html
sanmak,21,27004714,"27008898,27008628,27006527,27008013,27006803,27006194,27008337,27006151,27008606,27007206,27009406,27008874,27008159",107,1619861017,The Psychology of Design,story,https://growth.design/psychology/
lsllc,557,29762387,"29762967,29762927,29763056,29764204,29763058,29763223,29764019,29763951,29763117,29763313,29762862,29764451,29763768,29763431,29764802,29762950,29768044,29763076,29764694,29769204,29764367,29766531,29766122,29763408,29765948,29763889,29764654,29763688,29765186,29774804,29763765,29762841,29763143,29767808,29766788,29794819,29763345,29763924,29765013,29764096,29762911,29765057,29763676,29766793,29768215,29764968,29769003,29763427,29763538,29763332,29767886,29769349,29764248,29763771,29762986,29763098,29765816",780,1641069083,Boeing 777 departing Dubai nearly had a major incident after takeoff,story,https://onemileatatime.com/news/emirates-terrifying-boeing-777-flight-washington/
codazoda,334,29761728,"29762298,29762377,29761966,29762073,29762078,29762157,29761976,29761962,29763413,29762606,29761900,29762700,29762282,29762458,29762493,29762368,29763258,29762385,29762781,29762517,29763371,29763469,29763186,29762325,29765135,29761895,29764042,29766141,29763235,29765163,29763388,29762039,29766076,29763241,29762708,29762817,29762267,29766306,29764255,29791211,29763551,29762392,29763093,29763037,29768329,29765878,29770799,29765800,29762906,29765142,29766756",524,1641065159,Using HTTP Basic Auth in 2022,story,https://joeldare.com/why-im-using-http-basic-auth-in-2022.html
homarp,5,29762393,"29764306,29768317,29764648,29763574",111,1641069109,50 Years of Text Games: The End of a Journey,story,https://if50.substack.com/p/the-end-of-a-journey
nsoonhui,147,29757875,"29764035,29764405,29763859,29765041,29764855,29767575,29763875,29769124,29763907,29768519,29765801,29765711,29768994,29767230,29764837,29764299",328,1641041331,How Dwarf Fortress is built,story,https://stackoverflow.blog/2021/12/31/700000-lines-of-code-20-years-and-one-developer-how-dwarf-fortress-is-built/
Schiphol,56,29760747,"29762537,29763354,29762189,29763389,29761828,29765612,29763402,29768020,29762338,29764805,29765727,29766654,29766208,29761609,29768954,29767953,29761958,29763108",369,1641059362,All of Wittgenstein is now public domain,story,https://www.wittgensteinproject.org/w/index.php?title=Project:All_texts
0xedb,71,29761092,"29765189,29763473,29761805,29761642,29761899,29763115,29765847,29761789,29761507",269,1641061633,Go Fuzzing,story,https://tip.golang.org/doc/fuzz/
poga,126,29755242,"29755491,29758598,29756837,29755922,29756669,29760873,29757353,29755680,29760223,29758756,29756800,29759509,29758121,29759605,29755754,29757949,29756303,29761499,29756635,29755594,29756575,29755940",247,1641007802,Finding your home in game graphics programming,story,http://alextardif.com/LearningGraphics.html
jger15,238,29759309,"29760904,29760901,29760768,29760188,29761189,29760589,29762155,29766666,29761082,29759949,29761811,29760302,29760808,29760049,29759983,29760388,29760451,29761476,29760641,29767663,29761299,29761149,29760829,29760780,29761127,29762191,29766494,29765032,29760853,29763801,29760081,29761435,29760434,29761362,29760637,29760071,29760184,29763218",388,1641051498,2021 Letter,story,https://danwang.co/2021-letter/
giuliomagnifico,21,29761701,"29763525,29762379,29762251,29767295,29764188,29765215,29763004",123,1641064940,Depression alters the circadian pattern of online activity,story,https://www.nature.com/articles/s41598-020-74314-3
nothrowaways,41,29759204,"29762755,29760618,29763867,29760593,29760941,29759729,29761835,29764457,29761741,29761736,29761980,29761803,29765750,29764898,29760636,29759776",256,1641050926,Haxor News: Hacker News in the terminal,story,https://github.com/donnemartin/haxor-news
bratao,111,29761978,"29763011,29765070,29762553,29762612,29763582,29765161,29762394,29763390,29764157,29767498,29767280,29763708,29763089,29767162,29766948,29763160,29798856,29763154,29766873,29762434,29763464,29767455,29763858,29771474,29768223,29765180,29764963,29762151,29762408",315,1641066816,Portmaster – Open-source network monitor and firewall,story,https://safing.io/portmaster/
ithkuil,41,29761855,"29763079,29763647,29762215,29762510,29764567,29763169,29765692,29765537,29762805,29765494,29763608",156,1641065961,Log4jscanner,story,https://github.com/google/log4jscanner
ColinWright,213,29759809,"29760569,29760313,29762860,29761281,29760766,29761930,29760399,29764693,29764442,29763387,29761646,29763908,29760170,29760931,29768185,29760271,29771578,29760283,29760164,29764258,29763001",314,1641053998,"Nuclear fallout is showing up in U.S. honey, decades after bomb tests",story,https://www.science.org/content/article/nuclear-fallout-showing-us-honey-decades-after-bomb-tests
maltalex,44,29760511,"29762024,29763040,29763792,29763215,29773869,29773899,29763482,29761845,29764145,29773881",270,1641057987,Hacker Laws,story,https://github.com/dwmkerr/hacker-laws
huras,21,29753080,"29754432,29753097,29756287,29755524,29754779,29754708,29754796,29753520",117,1640989056,Show HN: Browser based deep fakes in pure JavaScript,story,https://filter.mot.omg.lol
plibither8,52,29755025,"29755407,29755129,29756135,29756129,29755347,29755219,29758628,29756298,29758097,29755254,29756286,29756659,29779572,29755425,29755677,29756914,29756333,29755844,29756077,29758186,29755849,29757821,29755345,29759853",121,1641005788,Turboencabulator,story,https://en.wikipedia.org/wiki/Turboencabulator
enigmatic02,317,29754120,"29755155,29754968,29754766,29755007,29757444,29757499,29758866,29761485,29755377,29754869,29756102,29755581,29756157,29755951,29755503,29764076,29754827,29758528,29755771,29754670,29754851,29759172,29755239,29756817,29755243,29755821,29755078,29754753,29755045,29755268,29754613",611,1640997249,Don't Waste the Good Days,story,https://seths.blog/2021/12/dont-waste-the-good-days/
ingve,23,29753638,"29754286,29756642,29757190,29758483,29756897,29754654,29757740",98,1640993494,Truly Headless Draw.io Exports,story,https://fasterthanli.me/series/dont-shell-out/part-1
mizzao,126,29749123,"29763887,29764583,29763616,29764208,29763726,29763203,29764251,29764391,29765022,29769500,29765987,29766680,29766250,29764282,29764831,29764759,29772051,29766527,29767932,29778739,29765132,29764064,29763813,29766823,29764228,29764672,29766675,29763494,29764284,29764453,29764722",167,1640965909,Safest mushrooms to forage and eat,story,https://www.fieldandstream.com/story/survival/safest-mushrooms-to-forage-and-eat/
bartkappenburg,65,29762254,"29763837,29764092,29762763,29765619,29763107,29764091,29762551,29763982,29763066,29762697,29766332,29764734,29762631,29763797,29764326,29763434,29763800,29763759,29763925,29763446,29762811,29767478,29762774,29764345,29766018,29763969,29763071,29763575,29765519",100,1641068331,Farnsworth Munsell 100 Hue Color Vision Test,story,https://www.colorblindnesstest.org/farnsworth-munsell-100-hue-test/
philonoist,92,29748124,"29753968,29754203,29755061,29755823,29753718,29754558,29754078,29753717,29755455,29748454,29754319,29754854",153,1640959493,How Y Combinator Changed the World,story,https://www.wired.com/story/how-y-combinator-changed-the-world/
animal_spirits,23,29753204,"29753832,29753988,29754852,29754586",84,1640990055,Python module for parsing Apple Numbers .numbers files,story,https://github.com/masaccio/numbers-parser
enigmatic02,393,29754072,"29755847,29755453,29756292,29755698,29758565,29756786,29757477,29755002,29757128,29755757,29755554,29756679,29755715,29757180,29757293,29755510,29757200,29756415,29758063,29757068,29755323,29759161,29758149,29756856,29754945,29757867,29763172,29756146,29759088,29757606,29759285,29759430,29755277,29756998,29759389,29757913,29757007,29756166,29759418,29759341,29777445,29756718,29754900,29759594,29757315,29756360,29764555,29758886,29757020,29759957,29755386,29756870,29801496,29757828,29758388,29767121,29756519,29758664,29766578,29759442,29759460,29759603,29755904,29757099,29755998,29758336,29756051,29757735,29757691,29756330,29758614,29756305,29759431,29755552,29755850,29756010",386,1640996944,Intellectual Loneliness,story,https://perell.com/note/intellectual-loneliness/
codesections,79,29753755,"29758585,29756253,29758476,29755090,29757992,29757079,29754867,29755574,29756930,29756173,29756087,29758137,29758564,29759137,29757570,29756046,29767449,29757537,29754825,29756390",155,1640994293,Coding error at Santander Bank put millions into random accounts on Christmas,story,https://www.cnbc.com/2021/12/31/santander-accidentally-put-millions-into-random-accounts-on-christmas-day.html
Gary_TheSnail_,134,29754211,"29754621,29754574,29754569,29754610,29755427,29754440,29754602,29754326,29756808,29755057,29758183,29754456,29754992,29755432,29755400,29754807,29757665,29754638,29757503,29754724,29754580,29754790,29755599,29756254,29756090,29755485,29755590,29755917,29754505,29766338,29762398,29754593,29760856,29764415,29755958,29754625,29757762,29758604,29756306,29754487,29757097,29756398,29754597,29754751,29757132,29759846,29755964,29756039,29755157,29754585,29758133,29755480,29754454,29755163,29754649",265,1640998088,Ask HN: How do you take care of yourself?,story,
mwfogleman,155,29752379,"29756827,29757479,29757591,29757051,29758439,29757181,29758556,29757750,29756851,29757647,29756966,29759771,29757280,29758468,29756964,29758136,29757461,29757171,29757967,29757817,29758833,29757633,29760595,29761426,29762668,29757674,29759438,29758392,29757592,29760807,29758030,29757648,29762374,29760248,29761906,29757632,29757120,29757506,29763457,29757473,29756816,29759495,29764060",228,1640983643,A Guide to Twitter,story,https://tasshin.com/blog/a-guide-to-twitter/
Tomte,13,29745823,"29756452,29756459,29758009",89,1640935720,"Fortification, Part V: The Age of Industrial Firepower",story,https://acoup.blog/2021/12/31/collections-fortification-part-v-the-age-of-industrial-firepower/
daitangio,18,29745933,"29756620,29754411,29756779,29757917,29757359,29756507,29762210,29758195,29756317,29757442,29757584",83,1640937584,Show HN: 8Bit Computers Book,story,
technion,358,29756714,"29757715,29760165,29757822,29758663,29757605,29762037,29758482,29758033,29757746,29760822,29757326,29759982,29761795,29762617,29763633,29765775,29760568,29760412,29757731,29757707,29758668,29765007,29758978,29759128,29770864,29764072,29761272,29758932,29759635",711,1641026752,Microsoft Exchange stops passing mail due to bug on 1/1/22,story,https://old.reddit.com/r/sysadmin/comments/rt91z6/exchange_2019_antimalware_bad_update/
hasheddan,54,29754918,"29756138,29758375,29756179,29756973,29756313,29757788,29756170,29756867,29759515,29756413,29756737,29758734",94,1641004775,Do we need a link step?,story,https://robert.ocallahan.org/2021/12/do-we-really-need-link-step.html
todsacerdoti,543,28024972,"28025578,28030534,28025206,28028085,28025470,28025397,28026554,28025801,28025188,28025645,28027304,28025357,28025506,28027086,28027070,28027134,28025186,28025660,28032223,28026538,28025335,28026722,28032291,28026933,28028708,28027695,28033144,28025233,28028660,28025403,28025570,28031674,28025461,28026439,28030601,28026995,28029228,28028049,28026729,28025671,28025262,28025291,28026813,28025792,28026945,28025549,28035886,28025400,28032412,28025563,28025255,28025467,28025412",872,1627809117,New in Git: switch and restore,story,https://www.banterly.net/2021/07/31/new-in-git-switch-and-restore/
mwcampbell,388,28011379,"28028325,28028027,28028725,28027986,28028871,28027808,28028106,28027893,28028544,28029116,28029103,28028365,28028778,28028760,28031787,28028520,28028394,28028868,28031746,28030008,28049719,28031780,28027747,28028116,28031631,28027858,28031230,28028320,28028097,28028703",751,1627673094,Cloudflare's inaccessible browser contradicts the company's mission,story,https://mwcampbell.github.io/cloudflare-browser-isolation-letter/
edward,71,28026712,"28027491,28027211,28027311,28028820,28027348,28028678,28027278,28030156,28028575,28027240,28027251,28027157,28035786,28028718,28038731,28032143,28028466,28028379,28032001,28028997,28027263,28030793,28028735,28031399,28035840,28031524,28027204,28031258,28027854",268,1627829992,Extracting Objects Recursively with Jq,story,https://til.simonwillison.net/jq/extracting-objects-recursively
pepys,60,28013310,"28022093,28023413,28021892,28022756,28023275,28022264,28022493,28022454,28024120,28022091,28022314,28026044,28033152,28025665,28025636,28025830,28023411,28024596,28024172,28023655,28022067,28024189",140,1627684916,The Pleasures of Tsundoku: How I learned to stop worrying and love book piles,story,https://lithub.com/the-pleasures-of-tsundoku-or-how-i-learned-to-stop-worrying-and-love-book-piles/
treesciencebot,33,28027016,"28031376,28039396,28029351,28033044,28028838,28033045,28027225,28036681",110,1627832057,Show HN: Python Source Code Refactoring Toolkit via AST,story,https://github.com/isidentical/refactor
mwilliamson,189,28025693,"28026036,28027133,28025941,28027267,28026866,28026079,28025804,28025925,28029086,28029456,28026279,28028461,28026084,28025877,28028157,28029791,28027687,28025793,28029355,28025826,28027097,28026317,28026172,28031508,28026490,28027305,28030155,28026733,28028029,28028228,28029060,28026786,28032012,28028754,28026776,28026177,28031864,28028573,28026329,28025868,28028484,28042947,28029046,28031711,28027831,28030790,28029753,28031234,28029048",701,1627819553,My tiny side project has had more impact than my decade in the software industry,story,https://mike.zwobble.org/2021/08/side-projects-vs-industry/
luu,14,28015505,"28022521,28022841,28023121,28023839,28023976",79,1627708880,How hard is it to get counting right?,story,https://desystemize.substack.com/p/desystemize-1
jsploit,221,28023553,"28023961,28023679,28023607,28024770,28024830,28023700,28023633,28024510,28024509,28023788,28026054,28023734,28024917,28023885,28024900,28024021,28033774,28024854,28025659,28026189,28028572,28024168,28024228,28026125,28023626,28024485,28025360,28028594,28025732,28025325,28023737",306,1627788157,Why printers add secret tracking dots (2020),story,https://www.bbc.com/future/article/20170607-why-printers-add-secret-tracking-dots
sanmak,350,28030636,"28032534,28031306,28031025,28031143,28031106,28032461,28030966,28031000,28031020,28032151,28031008,28030984,28033720,28032609,28030879,28032564,28033194,28030981,28053510,28030883,28035589,28031381,28037336,28031410,28035460,28031083,28034465,28030994,28031865,28031224,28030936,28031085",283,1627856018,Square to acquire Afterpay for $29B,story,https://squareup.com/us/en/press/square-announces-plans-to-acquire-afterpay
tinbucket,124,28028781,"28029011,28029025,28029019,28029374,28031272,28029291,28029072,28028988,28029739,28029004,28029105,28032937,28028976,28029330,28033920,28031314,28034560,28029948,28032324,28028952,28034398,28032347,28030625,28028987",142,1627843562,MacType: Better Font Rendering for Windows,story,https://github.com/snowie2000/mactype
pcaversaccio,26,28016713,"28028956,28028734,28032761,28030255,28028984",103,1627724193,The future of deep learning is photonic,story,https://spectrum.ieee.org/the-future-of-deep-learning-is-photonic
deafcalculus,147,28026612,"28027649,28027441,28028503,28027464,28027093,28028856,28031642,28027398,28028322,28029132,28027488",167,1627829334,Learning that you can use unions in C for grouping things into namespaces,story,https://utcc.utoronto.ca/~cks/space/blog/programming/CUnionsForNamespaces
voisin,19,28026041,"28026765,28032589,28027674,28027841,28027686,28026616",81,1627823546,Dysregulated oxalate metabolism is a therapeutic target in atherosclerosis,story,https://www.cell.com/cell-reports/fulltext/S2211-1247(21)00833-0
justinclift,45,28015798,"28023151,28022698,28022743,28023519,28024850,28023653,28022604,28023372,28024079,28024448,28022675",117,1627712590,Air – Live reload when developing with Go,story,https://github.com/cosmtrek/air
privatdozent,28,28021562,"28030476,28031172,28030052,28033516,28032957,28030287",133,1627765623,"The Poincaré Conjecture, Explained",story,https://www.privatdozent.co/p/the-poincare-conjecture
bpierre,20,28010217,"28024207,28023591,28023415,28023267,28025250,28010557,28025462,28024029,28024109,28024779",158,1627665833,ASCII Play,story,https://play.ertdfgcvb.xyz/
coldblues,44,28025491,"28028698,28026412,28028691,28028475,28029387",134,1627817002,Org-roam-UI – graphical front end for exploring your org-roam Zettelkasten,story,https://github.com/org-roam/org-roam-ui
OmarShehata,14,28023362,"28024051,28023546,28026738,28024294",80,1627785588,Creating a DOOM-inspired aesthetic with PlayCanvas,story,https://omarshehata.me/html/playcanvas-horror-aesthetic/
tambourine_man,19,28012307,"28025828,28026004,28029871,28034255,28026428,28028658,28034243,28028935",152,1627678936,GoAccess – Visual Web Log Analyzer,story,https://goaccess.io/
nreilly,7,28024641,"28024971,28026425,28025227,28033082,28025079",81,1627805012,Clusterboard A64 Insidious Reset Problem: Solved,story,https://ericdraken.com/a64-reset-problem/
tacon,247,28015101,"28026579,28028196,28026859,28026402,28026438,28026951,28026695,28027325,28028599,28032732,28029400,28034403,28027693,28028305,28027842,28048461",350,1627703259,Your Lifestyle Has Already Been Designed (2010),story,https://www.raptitude.com/2010/07/your-lifestyle-has-already-been-designed/
ibobev,14,28007554,"28031757,28032651,28035480,28031481,28030626",47,1627650619,Measuring memory usage: virtual versus real memory,story,https://lemire.me/blog/2021/07/29/measuring-memory-usage-virtual-versus-real-memory/
geox,12,28016744,"28025166,28027232,28026560,28026047,28025189,28025060,28029397,28025014",69,1627724665,Reprogrammable Satellite Launched,story,https://www.esa.int/Applications/Telecommunications_Integrated_Applications/Reprogrammable_satellite_launched
azalemeth,223,28022066,"28022766,28022668,28023309,28022643,28026265,28023174,28022911,28024899,28022729,28024919,28023520,28025483,28023062,28023384,28022683,28025629,28025280,28024647,28023128,28024787,28024262,28023094,28022830,28023412",377,1627770707,Blizzard's reputation collapsed in just three years,story,https://www.pcgamer.com/how-blizzards-reputation-collapsed-in-just-3-years/
library,30,28026360,"28030488,28033159,28028636,28029624,28033441,28029273,28028445,28029018",61,1627827233,Georgia Minute by Minute,story,http://riowang.blogspot.com/2021/06/georgia-minute-by-minute.html
wjSgoWPm5bWAhXB,87,28025121,"28028186,28025778,28027358,28025493,28025675,28026861,28030683,28025656,28025787,28025622,28025571,28025742",174,1627811567,CO2 battery could make wind and solar dispatchable at a lower price,story,https://www.rechargenews.com/energy-transition/new-co2-battery-will-make-wind-and-solar-dispatchable-at-an-unprecedented-low-price/2-1-1044755
Jbrus,125,28027138,"28028314,28028908,28028825,28029188,28029409,28029120,28031771,28030345,28029030,28027851,28029117,28027689,28032394,28032232,28033613,28035199,28028732,28032799,28093668,28030957,28029610,28028251,28030501,28027274,28028051",306,1627832964,I built a business that lets me live on the beach full time,story,https://www.expatsoftware.com/Articles/guy-on-the-beach-with-a-laptop.html
ptr2voidStar,157,28022873,"28025026,28024600,28025178,28025585,28025326,28024969,28025113,28025903,28023964,28026784,28025479,28025433,28024709,28030622,28024446,28030125,28027073,28027072,28025337,28024247,28025264,28026957,28024201,28025029,28025034,28024335,28024622,28024807",225,1627780291,"I was a teacher for 17 years, but couldn't read or write",story,https://www.bbc.co.uk/news/stories-43700153
frant1c,201,28029809,"28033497,28031229,28032939,28033121,28031149,28031574,28031096,28033001,28031191,28032658,28031572,28033305,28031818,28034594,28033007,28031991,28031119,28032840,28035738,28031778,28034028,28088591,28033746,28034799,28031469,28044848,28038985,28032133,28033632,28031676,28031692,28033528,28035834,28036707,28033518,28031177,28034210,28034627,28031453,28031320,28031065,28033924,28034837,28031606,28031442,28033567,28043635,28031308,28034692,28031292,28035220,28031325,28035430,28031211,28039141,28031486,28031126,28037077,28032739,28031310,28031237",272,1627850885,Todo apps are meant for robots,story,https://blog.frantic.im/all/todo-apps-are-meant-for-robots/
ecliptik,86,28015428,"28023888,28024114,28024162,28024717,28024691,28023926,28024005,28024413,28023991,28023803,28023985,28024232,28024642,28025866,28024436,28025683,28025533,28025184,28025332,28027472,28024503,28026897,28023962,28030582,28027053,28025626,28025300,28024553,28023829,28023899",120,1627707652,Vaporwave was created then destroyed by the internet (2016),story,https://www.esquire.com/entertainment/music/a47793/what-happened-to-vaporwave/
arkadiyt,103,28027199,"28028743,28028870,28028884,28031138,28028023,28028759,28033436,28029454,28029316,28034848,28028560",174,1627833398,Police can get your data – even if you aren’t suspected of a crime,story,https://www.vox.com/recode/22565926/police-law-enforcement-data-warrant
belter,575,28029344,"28029543,28029904,28030092,28029617,28030145,28030012,28030972,28029511,28029921,28029876,28032190,28029684,28030898,28031270,28035751,28030992,28030746,28030139,28031352,28029962,28030672,28030304,28029905,28030489,28031373,28030076,28031523,28030861,28029981,28029604,28030309,28030185,28032503,28029909,28036386,28034422,28031016,28031024,28030187,28033511,28030583,28031555,28031371,28029721,28029650,28030011,28029689,28032191,28030261,28029599,28032165,28029626,28032723,28030978,28033140,28032808,28030433,28040894,28029959",487,1627847921,Employers bow to tech workers in hottest job market since the dot-com era,story,https://www.latimes.com/business/story/2021-07-31/employers-bow-down-to-tech-workers-in-hottest-job-market
conanxin,95,28015866,"28031165,28031271,28031471,28030963,28033900,28033542,28031490,28032178,28031834,28035651,28031449,28034734,28070272,28031176,28032029,28038781,28031772,28032493,28032173,28031281,28031488,28031190,28031108,28030912",133,1627713285,The Day the Good Internet Died,story,https://www.theringer.com/2021/7/21/22586870/google-reader-ode-end-of-the-good-internet
throwawayswede,112,28017259,"28024061,28023571,28023942,28023704,28023576,28024068,28023740,28025269,28023921,28023940,28024393,28026736,28024174,28025849,28025383,28026136,28023742,28024532",146,1627731990,"Ian Manuel, survivor of excessive child punishment, tells his story",story,https://eji.org/news/ian-manuel-survivor-of-excessive-child-punishment-tells-his-story/
hhs,55,28027450,"28027958,28028211,28029440,28029354,28030263,28028840,28029077,28028942",158,1627835028,How Google quietly funds Europe’s leading tech policy institutes,story,https://www.newstatesman.com/business/sectors/2021/07/how-google-quietly-funds-europe-s-leading-tech-policy-institutes
jdsleppy,17,28029906,"28030611,28033935,28030662,28030546,28030351,28030451",42,1627851567,"The Lost Cat Art of Ithaca, NY",story,https://www.lostcatithaca.com/map/
atlacatl_sv,31,28029891,"28031586,28030678,28030964,28032876,28031719,28031494",160,1627851447,L0phtcrack 7 will be released as open source,story,https://twitter.com/dildog/status/1421830165911556099
gctwnl,131,28016754,"28025144,28024866,28024950,28024703,28025489,28025023,28024867,28024584,28024934,28024705,28025030,28025240,28024639,28025042,28024626,28024875,28025650,28026011,28024792,28024648,28026012,28024821,28024895,28025994,28024741,28027065,28025025,28035145,28025637,28024801,28025505,28024781,28026440,28034548,28024674,28025314",195,1627724817,"Enterprise, IT architecture and strategy is getting more and more frustrating",story,https://ea.rna.nl/2021/07/31/dont-become-an-enterprise-it-architect/
evo_9,20,28018127,"28026088,28026898,28026113,28027688,28026126,28026102,28027368,28028441",57,1627739527,The Tokyo Olympic Robots,story,https://www.npr.org/sections/tokyo-olympics-live-updates/2021/07/30/1022984439/say-hello-to-the-tokyo-olympic-robots
arkadiyt,72,28026867,"28027619,28027498,28030480,28027293,28028836,28028242,28027786,28027185,28028163,28027844,28028761,28028021",234,1627831030,Scanning your iPhone for Pegasus,story,https://arkadiyt.com/2021/07/25/scanning-your-iphone-for-nso-group-pegasus-malware/
flannery,267,28026638,"28026956,28026962,28028453,28027027,28026924,28027581,28026804,28026927,28027980,28027079,28030564,28026915,28027414,28027098,28028716,28027384,28027213,28031443,28031097,28027727,28027036,28026948,28028057,28027061,28028143,28029410,28026947,28029754,28027220,28028241,28026963,28026806,28027516,28027767,28028366,28027128,28029263,28027684,28028648,28043665,28027816,28028776,28027733,28029359,28030708,28026754,28028432,28026960,28030134,28027489,28031996,28027586",252,1627829531,How to summon and sell your soul to Satan and other devils,story,https://hastyreader.com/how-to-summon-and-sell-your-soul-to-satan-and-other-devils/
chkas,23,28025561,"28027455,28025966,28027130,28027202,28029786,28036848",73,1627817852,"Blackjack Probabilities, Card Counting – Calculation and Simulation",story,https://easylang.online/apps/tut_blackj.html
Phithagoras,22,28012575,"28013102,28023623,28024758,28024236",35,1627680438,An Elastic Model of the Holding Power of Rock Climbing Anchors,story,http://web.mit.edu/custer/www/rocking/cams/cams.body.html
giuliomagnifico,8,28024504,"28026048,28027019,28028055,28039539",39,1627803104,Water management innovation is central to the future of ICs,story,https://www.eetimes.com/water-management-innovation-is-central-to-the-future-of-ics/
kurmouk,10,28016576,"28026580,28026435,28021239,28025265,28026291,28026258",42,1627722602,Organopónicos,story,https://en.wikipedia.org/wiki/Organop%C3%B3nicos
is0tope,53,28010183,"28028517,28027614,28026872,28028171,28031918",76,1627665639,"Positions, Profit and Loss",story,https://www.machow.ski/posts/2021-07-24-positions-profit-and-loss/
giuliomagnifico,89,28024644,"28025541,28025296,28025028,28025016,28026365,28025089,28025253,28025754,28025045,28025024,28026061,28025884",81,1627805142,Turkey has unveiled a stealth carrier-based unmanned aircraft program,story,https://eurasiantimes.com/killer-of-f-35-jets-us-dominance-of-5th-gen-fighter-aircraft-to-end-with-supersonic-stealthy-drones/
protoduction,53,28022725,"28023019,28023165,28023632,28023570,28024429,28024471,28037943,28024190,28025649,28023069,28024455,28024254,28024137,28023934,28023139,28024188",38,1627778417,What if JavaScript had a synchronous async flavor?,story,https://guido.io/posts/nasync-javascript/
mgh2,176,28021956,"28022334,28022948,28022324,28022772,28023238,28022261,28022629,28022597,28023011,28023296,28023741,28022595,28022278,28022321,28023300,28022288,28022347,28022489,28023053,28023612,28022329,28023116,28022938,28023083,28022392,28022335,28022669,28022510,28022466,28022628,28023323,28023140,28022967",299,1627769381,Six corporations control 90% of America media,story,https://techstartups.com/2020/09/18/6-corporations-control-90-media-america-illusion-choice-objectivity-2020/
CodeGlitch,38,28025003,"28025932,28025714,28025222,28025451,28029473,28025512,28026741,28026362,28027503,28025458",53,1627809653,Impersonating the brave.com website to deliver malware,story,https://arstechnica.com/gadgets/2021/07/with-help-from-google-impersonated-brave-com-website-pushes-malware/#p3
graderjs,23,28015601,"28024153,28026174,28025948,28033229,28015729,28015629,28015830",42,1627710250,Show HN: Viewfinder – Virtualized browsers for your web app,story,https://github.com/i5ik/ViewFinder
lermontov,4,28015753,"28024258,28024227,28027205,28029942,28024462",20,1627712107,William S. Burroughs in New York,story,https://cromwell-intl.com/travel/usa/new-york-w-s-burroughs/
gala8y,141,28026323,"28027380,28026856,28026620,28026726,28026689,28027099,28026913,28028959,28027051,28028316,28027552,28027067,28029420,28026828,28026955,28027746,28026811,28027338,28026922,28027041,28036887,28028066,28028795,28026767,28028710,28028198,28027365,28027426,28027607,28027026,28027650",192,1627826845,You Are Not Lazy or Undisciplined. You Have Internal Resistance,story,https://medium.com/counterarts/you-are-not-lazy-or-undisciplined-you-are-experiencing-internal-resistance-755a02673aa9
DocFeind,273,28028967,"28029396,28029362,28029498,28029304,28029211,28029618,28029471,28029315,28029368,28029867,28029816,28029282,28029556,28030113,28029443,28029973,28029999,28029287,28029614,28031425,28030526,28029488,28030015,28029281,28030096,28029311,28029286,28030438,28029240,28030118,28030908,28029275,28045151,28029970,28030246,28029532",361,1627845039,"U.S. generates more plastic trash than any other nation, report finds (2020)",story,https://www.nationalgeographic.com/environment/article/us-plastic-pollution
throwaway4good,63,28026817,"28027984,28027462,28027226,28027468,28029992,28028737,28027256",64,1627830675,The logic driving China’s big tech clampdown,story,https://asiatimes.com/2021/07/the-logic-driving-chinas-big-tech-clampdown/
hidden-spyder,33,28025847,"28026397,28026460,28026797,28026190,28026065",36,1627821424,Tree Shaking,story,https://en.wikipedia.org/wiki/Tree_shaking
lwhsiao,71,28003835,"28024581,28024747,28024548,28024498,28024261,28024834,28024643,28024424,28024654,28026319,28025137,28024692,28024601",39,1627612385,TikTok and the Future of Social Media,story,https://atthis.link/blog/2021/tiktok.html
mooreds,35,28026023,"28026985,28027108,28026982,28027804,28026482,28026449,28027152,28027175,28027048",43,1627823399,Think Sustainability Is Simple? This Sheep Farmer Would Like a Word,story,https://www.nytimes.com/2021/08/01/books/review/pastoral-song-james-rebanks.html
Tomte,62,28027024,"28027764,28029204,28028704,28028692,28028406,28027616,28027902,28028899,28027485,28027309,28101357,28027671,28027936",52,1627832150,Why women gymnasts compete to music in their floor routines but men don't,story,https://edition.cnn.com/2021/07/31/us/gymnastics-music-male-female-olympics/index.html
JetSpiegel,18,28025751,"28025819,28026165,28027465,28027880,28031231",55,1627820417,Specifying Installation Requirements for Python Projects,story,https://www.python.org/dev/peps/pep-0665/
jonsen,137,28382821,"28384810,28385622,28384399,28383558,28388979,28384471,28383795,28385278,28390535,28384022,28389550,28384127,28390403,28387651,28384506,28396196,28390992,28388075,28412267,28383530,28385820,28390642,28384493,28389842,28384626,28391392,28397144,28388708,28383997,28390398",320,1630517021,How to Study Effectively,story,https://psyche.co/guides/how-research-from-psychology-can-help-you-study-effectively
todsacerdoti,90,28382496,"28383427,28383670,28383007,28388711,28385630,28385150,28384115,28386025,28387293,28383655",194,1630515671,Improving Git protocol security on GitHub,story,https://github.blog/2021-09-01-improving-git-protocol-security-github/
zlsa,251,28385024,"28385973,28385407,28387307,28386369,28387237,28386223,28391416,28388190,28385486,28388396,28386240,28386265,28385657,28385821,28396488,28389998,28386963,28386109,28389730,28402923,28387588,28387667,28387290,28386641,28389886,28385827,28386565,28388869,28385710",476,1630527325,The red warning light on Richard Branson’s space flight,story,https://www.newyorker.com/news/news-desk/the-red-warning-light-on-richard-bransons-space-flight
neelnanda,111,28385639,"28386114,28386379,28387233,28386007,28386799,28388334,28387112,28386651,28386304,28386142,28387917,28386242,28386901,28386013,28386284,28388546,28386125,28389142,28387638,28391375,28386635,28390468,28386408,28386909,28386110,28386825,28386659,28386818,28386786,28385919,28387857,28387294,28387477,28387828,28386115,28390523,28389660,28385872,28385978,28386045,28385924",260,1630531136,The goal of standards is to improve our future actions,story,https://www.neelnanda.io/blog/35-standards
st3fan,188,28382585,"28383009,28385565,28382764,28383369,28389547,28383063,28382909,28384920,28383345,28384055,28389396,28389619,28384585,28383887,28382838,28388940,28385531,28384631,28387020,28383688,28384544,28383361,28384831",407,1630516005,Mozilla VPN Completes Independent Security Audit by Cure53,story,https://blog.mozilla.org/en/mozilla/news/mozilla-vpn-completes-independent-security-audit-by-cure53/
whoishiring,968,28380661,"28383943,28383375,28381420,28382106,28381605,28381122,28381315,28381709,28384725,28382049,28383485,28382157,28380803,28381334,28381586,28398748,28381563,28384717,28382009,28381756,28380666,28386855,28386018,28381732,28378354,28385576,28389882,28380765,28381097,28479548,28380812,28383774,28380665,28378626,28381086,28385689,28383501,28432133,28432695,28435812,28380733,28380979,28381282,28385842,28383495,28385457,28381595,28386572,28383950,28378434,28391812,28384950,28381603,28382878,28384093,28381278,28384266,28381542,28434231,28381484,28384322,28384462,28393746,28386783,28383888,28381116,28384153,28380939,28454398,28385258,28381332,28397275,28382272,28383207,28385788,28381230,28381042,28450103,28381232,28403689,28386438,28381633,28381112,28384260,28382296,28381234,28471118,28385687,28382352,28515360,28381893,28389037,28383920,28399015,28387230,28380757,28383148,28386714,28497999,28382037,28385262,28395333,28382063,28381488,28455394,28382369,28387523,28382334,28381446,28385523,28389574,28381821,28435378,28384625,28383196,28381358,28380699,28382479,28408792,28382809,28384151,28406894,28399944,28391627,28387706,28389016,28442656,28382288,28479542,28385201,28386950,28390617,28381022,28387021,28479529,28479526,28381992,28381890,28381246,28385120,28433541,28386845,28381453,28390170,28380681,28398640,28381274,28380902,28382250,28395388,28398446,28388384,28396513,28383620,28387580,28382705,28392532,28386926,28381240,28385147,28391976,28389486,28391562,28383243,28392673,28408045,28388297,28384934,28448785,28392156,28389525,28394851,28388486,28383833,28384337,28382203,28465021,28380689,28380985,28381189,28383568,28382333,28385213,28382411,28383175,28434724,28416747,28382622,28381188,28381405,28384618,28516859,28383548,28381372,28385437,28381464,28384983,28381429,28416013,28388285,28383616,28382985,28382797,28382795,28445725,28386510,28422927,28383402,28382027,28519635,28380869,28380848,28389327,28389473,28383080,28381087,28381400,28387865,28384402,28387945,28383294,28394164,28382038,28381687,28382425,28388966,28388484,28384956,28418313,28384237,28457131,28382205,28380996,28384898,28393008,28513004,28448034,28381363,28382247,28383468,28382723,28385324,28450523,28380964,28461380,28382640,28381017,28383228,28386212,28384064,28382412,28382822,28485672,28388927,28519551,28382931,28385420,28384432,28381980,28504375,28381582,28384394,28414072,28382342,28383847,28383215,28385393,28389746,28385054,28402666,28382055,28406144,28380950,28385111,28384160,28383396,28382534,28380755,28410517,28381407,28390114,28381872,28381153,28383008,28402857,28381540,28419768,28387338,28381045,28381117,28381502,28398175,28383785,28392209,28381989,28381462,28386447,28381213,28382370,28387704,28394497,28381119,28388507,28385092,28381437,28397748,28382279,28387397,28396228,28381577,28381264,28388773,28385896,28431726,28471383,28381046,28385712,28380944,28385764,28385300,28384491,28380734,28404111,28387314,28382151,28452659,28383704,28383854,28382016,28381504,28468515,28382295,28381101,28383767,28397112,28398025,28381833,28384430,28382420,28447739,28381636,28382896,28389027,28443678,28432888,28380718,28384629,28382882,28385358,28384308,28395476,28401172,28382400,28381364,28380994,28383778,28383335,28382535,28387079,28382093,28408304,28380963,28384966,28404709,28380835,28383189,28385497,28381354,28391062,28387788,28405286,28381217,28380797,28433372,28479822,28399353,28381496,28391953,28380768,28383773,28382766,28388338,28381184,28381414,28381144,28383678,28401196,28388792,28382212,28396689,28383779,28385316,28382801,28381940,28381639,28380779,28405113,28385313,28381176,28385772,28381715,28381259,28381473,28385211,28383747,28447744,28382928,28381223,28381865,28479298,28387694,28392768,28380927,28383221,28405473,28381722,28384494,28474651,28409128,28413833,28383667,28381445,28381136,28386427,28382692,28381388,28398019,28383452,28385659,28381133,28448414,28508398,28384903,28385866,28383489,28381826,28392344,28381988,28381128,28381853,28410957,28382667,28391884,28381966,28459196,28423141,28384517,28408844,28382455,28381140,28386773,28384289,28380664,28381441,28380895,28383812,28380933,28389653,28382507,28382013,28384284,28382145,28384981,28382860,28383011,28381838,28527907,28381850,28380938,28390154,28380928,28391460,28380986,28459781,28382410,28381306,28389628,28381986,28386031,28381132,28386541,28405650,28385155,28383770,28383706,28385472,28383101,28430922,28383752,28527294,28385369,28381825,28381755,28394742,28421018,28382495,28385938,28448944,28387777,28428592,28395009,28383490,28380983,28381817,28392219,28382611,28383339,28381520,28383205,28381075,28382177,28394586,28385059,28401154,28480399,28383218,28478987,28386272,28381928,28381863,28380672,28381287,28381909,28383165,28382318,28382843,28386673,28387725,28447404,28381632,28387539,28384477,28381476,28383959,28406259,28387504,28436697,28386014,28388718,28384622,28383979,28385757,28385663,28446246,28382884,28387256,28388947,28381517,28389088,28396687,28381130,28463214,28382148,28384943,28394339,28449831,28383940,28381024,28399775,28524165,28381160,28384336,28396515,28396379,28391983,28380802,28387155,28504336,28381529,28381475,28387057,28380687,28385998,28389282,28408852,28382313,28385602,28385596,28461714,28385244,28398596,28383725,28391560,28393125,28382802,28382024,28389253,28382618,28387359,28384922,28381271,28384385,28381019,28382924,28474210,28384978,28382964,28381402,28384665,28473856,28381038,28384856,28382283,28383404,28449536,28383769,28385172,28383477,28409718,28381344,28385765,28381612,28486318,28383885,28383828,28387586,28387131,28381192,28384569,28384060,28381503,28380697,28391075,28386610,28385296,28382128,28378452,28384973,28392205,28381970,28382847,28381910,28381444,28387727,28458882,28381196,28479516,28381247,28380854,28382236,28381231,28396014,28404478,28387530,28381413,28385351,28382676,28382632,28382741,28381859,28406433,28389678,28397806,28486933,28381774,28381696,28381057,28381062,28387069,28381621,28391798,28386428,28384221,28384217,28381387,28386998,28381714,28437007,28387562,28386211,28384653,28428978,28428976,28382194,28381580,28385713,28406865,28382781,28381424,28387371,28387006,28380788,28385101,28384082,28385660,28381548,28511263,28388685,28384918,28381174,28382586,28380830,28384010,28386782,28384807,28384496,28487928,28458792,28385790,28383004,28392314,28409195,28409201,28390910,28381065,28439934,28383003,28390205,28509243,28389291,28406767,28401740,28382347,28389458,28394900,28396000,28392473,28387264,28383789,28383002,28384039,28381827,28515784,28389252,28382044,28382693,28387268,28476037,28384112,28386233,28383274,28381458,28381283,28390342,28384687,28385269,28382022,28380890,28387598,28388392,28387914,28524772,28519569,28514957,28381507,28391332,28380729,28391769,28383087,28384352,28390938,28452071,28485492,28385231,28381878,28382850,28381678,28385587,28382435,28382426,28381040,28380824,28386148,28474476,28382356,28452059,28381726,28389693,28386423,28429895,28512974,28380936,28383491,28381020,28380966,28387936,28382308,28381656,28383028,28407147,28384764,28381163,28383516,28383476,28384007,28383348,28382263,28397153,28414491,28380896,28383353,28386476,28386362,28381451,28381016,28511778,28390261,28389196,28381955,28381291,28386893,28381082,28380876,28396046,28431320,28382572,28381150,28398882,28385425,28389825,28380670,28407970,28384929,28381995,28382253,28384401,28386862,28384519,28524336,28381105,28533343,28382025,28386826,28383813,28447619,28381322,28381596,28388191,28381599,28398600,28381330,28391118,28385471,28385950,28382132,28466471,28389752,28384225,28385037,28381482,28384773,28389397,28399485,28382450,28390281,28381328,28385162,28380998,28388953,28382331,28397081,28381777,28387025,28384387,28382459,28381478,28382380,28382277,28413020,28394951,28385665,28447718,28385397,28509304,28509303,28385988,28390795,28382216,28387884,28381179,28385389,28383095,28382395,28383835,28386191,28398119,28395706,28385445,28484916,28383672,28380992,28381747,28381479,28384384,28382877,28510034,28392575,28384294,28380696,28381463,28384113,28389523,28398172,28423886,28392231,28383089,28386555,28393199,28390311,28386619,28382903,28382500,28420679,28381256,28401766,28385598,28383266,28387876,28471971,28382305,28384661,28382849,28383275,28382282,28484955,28483067,28405483,28402999,28401366,28394582,28394404,28393693,28392050,28388253,28387662,28387540,28386144,28386021,28385164,28384640,28384290,28383639,28383518,28383478,28383273,28383094,28382111,28382101,28382026,28381957,28381903,28381684,28381527,28381084,28380786,28380704,28382030,28382118,28475025,28384997,28384830,28395811,28472058,28395942,28384657,28384769,28392523,28519111,28384507,28389074,28388059,28396934,28400227,28385577,28390207,28381822,28381637,28392843,28380789,28381856",355,1630508446,Ask HN: Who is hiring? (September 2021),story,
sohkamyung,43,28379917,"28388853,28386131,28384627,28380874,28382006,28380728,28385392,28382634,28386721",215,1630504844,AAS Journals Will Switch to Open Access,story,https://aas.org/press/aas-journals-open-access
belter,497,28378119,"28380904,28378502,28383912,28380286,28378413,28379885,28378387,28379584,28379245,28379365,28380205,28379007,28380970,28379367,28378483,28379607,28383965,28382446,28385607,28378799,28378689,28379836,28378402,28385946,28384231,28385112,28379111,28385334,28385947,28379278,28383608,28379062,28431745,28378480,28378362,28379506,28379932,28379276,28380207,28379484",224,1630491878,Dutch entrepreneurs avoiding negative interest by opening multiple bank accounts,story,https://nltimes.nl/2021/09/01/entrepreneurs-avoiding-negative-interest-opening-multiple-bank-accounts
moinnadeem,122,28375096,"28376078,28376439,28375665,28375940,28379283,28376177,28380735,28375608,28375727,28376055,28375204,28375167,28381492,28375424,28375307,28377063,28375840",235,1630454553,Multiplying Matrices Without Multiplying,story,https://arxiv.org/abs/2106.10860
matt_d,94,28374523,"28375428,28376866,28376583,28376476,28376737,28375982,28376703,28382121,28389226,28379589,28378641,28376764,28376451,28376683,28375287,28375216,28377173,28375582",188,1630449678,It's Time for Operating Systems to Rediscover Hardware,story,https://www.usenix.org/conference/osdi21/presentation/fri-keynote
carltheperson,230,28371203,"28378053,28378850,28371204,28378517,28378286,28377748,28378031,28377756,28378318,28384019,28377861,28377738,28378875,28377824,28378283,28379270,28381943,28380233,28379445,28405139,28380782,28378442,28377906,28381690,28386922,28378967,28377831,28378188,28384590,28382119,28378229,28379378,28379441,28377938,28404582,28380474,28384304,28410818,28385314,28379904,28377993,28379822,28379293,28378545,28378356",633,1630432266,My House,story,https://carltheperson.com/posts/my-house
Tomte,123,28376797,"28380494,28377628,28378114,28378931,28383949,28377631,28381126,28378841,28379256,28381193,28385076,28378639,28379821,28380208,28380464,28377442,28377431",212,1630475832,Robert Sapolsky on Depression (2009),story,https://www.robertsapolskyrocks.com/depression.html
bpierre,71,28375596,"28376291,28375898,28377672,28375853,28377630,28377233,28376119,28378333,28376111,28376212,28379101,28377837,28378445,28375855,28376038,28378914,28377147,28376077,28376094,28376264",182,1630459934,CSS Nesting Module,story,https://www.w3.org/blog/news/archives/9236
erickhill,60,28376079,"28378118,28376503,28378762,28376308,28376359,28376168,28376563,28376301,28376244,28376670,28387324,28378033,28378468,28376901,28381342",130,1630465580,Vintage Computer Festival Midwest 16,story,http://vcfmw.org/
pjmlp,153,28377041,"28378043,28377469,28378359,28377497,28377645,28377329,28377362,28377752",228,1630478738,C# for Systems Programming,story,https://github.com/MichalStrehovsky/zerosharp
chmaynard,198,28378215,"28380516,28379583,28379938,28380395,28381002,28381466,28379712,28381592,28382396,28380231,28387511,28380000,28387239,28384249,28386134,28379669,28381915,28380399,28389985,28381505,28380794,28382354,28386850,28382056,28389158,28384865,28381972,28381202,28381393,28383525,28477511,28382715,28383492,28380095,28382330,28385632",345,1630492967,How I re–over-engineered my home network for privacy and security,story,https://ben.balter.com/2021/09/01/how-i-re-over-engineered-my-home-network/
samizdis,150,28377916,"28378742,28379018,28379319,28378950,28380496,28382870,28380173,28380482,28379067,28385834,28384650,28382523,28381556,28380098,28379580,28379348,28379423,28382112,28379449,28379775,28382966,28379627,28387645,28379650,28380006,28382730,28386790,28386842,28387318,28379620,28380428,28379514,28390227,28379542,28379774,28381118,28386373,28384390,28379503,28380701,28379262,28379063,28379787",195,1630489313,Man can change his pupil size on command,story,https://www.livescience.com/man-can-control-pupil-dilation.html
samizdis,264,28384808,"28385033,28385270,28389344,28385749,28385207,28386359,28385691,28386456,28386332,28385551,28389069,28391358,28385012,28388609,28387044,28387335,28386920,28385282,28384940,28388073,28385128,28385399,28387110,28386402",443,1630526074,"Amazon asked FCC to reject Starlink plan because it can’t compete, SpaceX says",story,https://arstechnica.com/tech-policy/2021/09/spacex-slams-amazons-obstructionist-ploy-to-block-starlink-upgrade-plan/
throwawaysea,256,28380959,"28382742,28383814,28382546,28391000,28381956,28383164,28382301,28382072,28383595,28384554,28382146,28382726,28383212,28385357,28382221,28383862,28382405,28384872,28382646,28382054,28388386,28382488,28382452,28384505,28382353,28385255,28384130,28388781,28383470,28389018,28382599,28386924,28383980,28389674,28383152,28388553,28388303,28387252,28386299,28384424,28383939,28389485,28390454,28387332,28383636,28383430,28388688,28384376,28382975,28387883,28387711,28384011,28383843,28385904,28382180,28384460,28384312",579,1630509614,Linux on the Framework Laptop,story,https://frame.work/blog/linux-on-the-framework-laptop
helsinkiandrew,306,28382081,"28383211,28383284,28382879,28384372,28384702,28382543,28382915,28388756,28383206,28385184,28387986,28384812,28382794,28382814,28383459,28384795,28385522,28383435,28385240,28383171,28385029,28385078,28386429,28382889,28384776,28384713,28384832,28388977,28386040,28384070,28386235,28384349,28383177",570,1630514105,"Lenovo tablet forced update shows un-dismissable, un-mutable, ad notifications",story,https://twitter.com/benkrasnow/status/1433096367992295427
hbcondo714,288,28382358,"28385248,28382584,28382645,28383048,28383093,28385652,28382987,28383400,28383082,28386008,28382503,28386891,28387116,28383118,28441710,28385627,28386927,28387199,28388455,28390688,28385276,28382789,28382527,28382476",269,1630515120,65k fake students applied for financial aid in wide community college scam,story,https://www.latimes.com/california/story/2021-09-01/california-college-financial-aid-scam-fake-students
fezzez,16,28382737,"28383538,28386863,28386986,28388381,28384420",135,1630516596,"Writing, technically",story,https://signalsandthreads.com/writing-technically/
throw0101a,220,28378575,"28380363,28380249,28380560,28381124,28380425,28380565,28380790,28385682,28383631,28380993,28384298,28381311,28380989,28383819,28383776,28387016,28383169,28391329,28384339,28390915,28389195,28382637,28387699,28381659,28382925,28383233,28384159",258,1630496575,William Gibson is a literary genius,story,https://thewalrus.ca/why-william-gibson-is-a-literary-genius/
MajesticFrogBoy,55,28374769,"28376144,28375642,28375945,28376871,28377114,28375874,28375588,28376333,28377343,28378375,28377293,28377022,28376863,28375779,28378951,28378467,28375927,28377242,28377092,28375753,28377282,28376653,28377122,28380114,28377200,28376155,28376159,28375458,28376132",322,1630451728,A layman’s guide to recreational mathematics videos,story,https://samenright.com/2021/08/31/a-laymans-guide-to-recreational-mathematics-videos/
mooreds,197,28379172,"28380411,28380290,28380508,28380343,28380433,28380426,28380587,28381123,28380500,28380591,28380441,28380856,28386948,28388148,28380721,28380574,28385987,28385701,28389362,28380825,28384029,28380416,28381208,28391760,28387189,28388112,28388467",177,1630500499,The Seniority Roller Coaster and Down-Leveling in Tech,story,https://blog.pragmaticengineer.com/the-seniority-roller-coaster/
Stratoscope,101,28366054,"28366066,28377480,28377119,28376927,28377925,28377382,28379509,28383898,28378367,28378052,28377960,28378653,28386210,28383721,28380331,28378084,28380333,28377763,28378131",165,1630405467,The $150M Machine Keeping Moore’s Law Alive,story,https://www.wired.com/story/asml-extreme-ultraviolet-lithography-chips-moores-law/
AndrewDucker,178,28366292,"28376795,28376538,28376865,28376231,28376759,28376768,28380154,28376246,28376553,28376782,28376533,28388353,28376677,28376718,28379851,28376261,28378645,28380140,28376221,28378312,28376540,28379918,28376193,28376574",93,1630407783,Some thoughts about raising the profile of Lisp,story,https://liam-on-linux.livejournal.com/81798.html
todsacerdoti,9,28376580,"28377158,28377086,28381759,28376695",45,1630472526,Automatic Extraction of Secrets from the Transistor Jungle Using Laser-Assisted [pdf],story,https://www.usenix.org/system/files/sec21-krachenfels.pdf
Tomte,65,28376796,"28380071,28377363,28377077,28378527,28378766,28377510,28377183,28377388,28377435,28377145,28378418,28379132,28380123",100,1630475797,Cooperative Package Management for Python,story,https://lwn.net/SubscriberLink/867657/0efafb319ce20e3e/
ingve,133,28377401,"28378541,28378263,28382090,28377786,28378858,28382712,28377858,28383601,28377976,28378012,28378740,28378248,28381552,28377712",146,1630483346,M1 Icestorm cores can still perform well,story,https://eclecticlight.co/2021/09/01/m1-icestorm-cores-can-still-perform-very-well/
valkmit,15,28376447,"28377346,28377772,28376632,28376663,28381565,28377587",63,1630470584,Show HN: Compile for Arm at native speeds in an emulated system,story,https://github.com/valkmit/aws-graviton2-on-intel
wcerfgba,10,28365015,"28378802,28378379,28378017,28378511,28377647,28380283",52,1630396242,A Catalogue of Chords Example,story,https://jpreston.xyz/a-catalogue-of-chords-example.html
adriangrigore,71,28378789,"28379481,28379398,28379779,28381292,28379289,28380972,28379422,28383822,28379935,28379122,28379229,28382215,28381679,28379418,28393727,28381262,28380209,28384799,28381929,28385115,28380413,28379673",100,1630498058,Documents ≠ Programs,story,https://mckinley.cc/blog/20210831.html
css,226,28379307,"28388271,28379654,28379313,28379693,28379640,28385707,28384468,28379865,28379657,28379827,28388272,28379856,28385737,28400054,28389333,28379628,28386596,28379544,28379675,28379814,28379841,28387266,28388458,28387469,28379609,28379854,28380264,28379746,28385836,28379729,28379847,28392748,28385847,28385354",177,1630501412,Apple announces first states to adopt driver’s licenses and IDs in Apple Wallet,story,https://www.apple.com/newsroom/2021/09/apple-announces-first-states-to-adopt-drivers-licenses-and-state-ids-in-wallet/
anigbrowl,185,28384695,"28386527,28386590,28386758,28386917,28385721,28386942,28388727,28388089,28387784,28386914,28389309,28386411,28386698,28386990,28397319,28388422,28386851,28388820,28387655,28386830,28388568",225,1630525479,UK national extradited to US for film/TV piracy,story,https://www.justice.gov/usao-sdny/pr/manhattan-us-attorney-announces-extradition-british-national-participation-online-film
rbanffy,5,28365697,"28375902,28375797",42,1630402324,Criss CP/M Provides Modern Hardware for a Classic OS,story,https://hackaday.com/2021/08/30/criss-cp-m-provides-modern-hardware-for-a-classic-os/
rodrigo975,29,28376857,"28378856,28377474,28377508,28377701",68,1630476545,OpenBSD: Hibernate Time Reduced,story,https://www.undeadly.org/cgi?action=article;sid=20210831050932
pthariensflame,90,28377561,"28378592,28381083,28379656,28380124,28381717",299,1630485367,Bare metal Apple M1 Debian at 4K 60,story,https://twitter.com/alyssarzg/status/1432927311058194436
giuliomagnifico,49,28365876,"28378752,28381228,28379926,28382319,28382977,28381383,28379896,28390204,28379745,28379715,28390316,28379102",49,1630403737,Anna Mazurek on Making It as a Travel Photographer and Digital Nomad,story,https://petapixel.com/2021/08/30/anna-mazurek-on-making-it-as-a-travel-photographer-and-digital-nomad/
cfferry,23,28375072,"28375073,28376444,28385458,28386243,28385536,28388182,28388774,28385851,28388990,28385225,28375180,28386389,28385864",57,1630454313,Show HN: BerylDB – a small key-value database,story,http://docs.beryl.dev/
todsacerdoti,21,28380327,"28381220,28382615,28381530,28381730,28385320",113,1630506734,Forward and Reverse Proxies Explained,story,https://www.haskellforall.com/2021/09/forward-and-reverse-proxies-explained.html
tomhoward,47,28381430,"28381545,28385733,28387108,28385474,28387975,28385552,28384255,28387559,28385541",40,1630511796,Travel agencies are having a moment amid Covid-19,story,https://www.wsj.com/articles/travel-advisers-delta-covid-11630442498
jermaustin1,17,28371676,"28382200,28380116,28383236,28379299,28389213,28379080,28388969",91,1630434426,Building solutions to problems that no one knows exist yet,story,https://web.eecs.utk.edu/~azh/blog/solvingunknownproblems.html
tosh,12,28367489,"28375473,28384930,28376474,28375464,28375478,28375675,28376554",42,1630414851,William Faulkner's Nobel Prize in Literature Acceptance Speech (1949),story,https://www.nobelprize.org/prizes/literature/1949/faulkner/speech/
graderjs,17,28377895,"28377953,28378685,28393671,28395468,28392623,28378985,28400149",33,1630489077,Project Aquiline – 1970s CIA UAV [pdf],story,https://www.cia.gov/readingroom/docs/PROJECT%20AQUILINE%5B15784065%5D.pdf
theafh,61,28381762,"28383117,28385364,28385018,28382962,28383826,28382901,28387611,28383805,28385000,28387829,28384224,28389373,28383642,28387365,28385165",70,1630512896,The Complex Truth About ‘Junk DNA’,story,https://www.quantamagazine.org/the-complex-truth-about-junk-dna-20210901/
stumarkin,24,28384121,"28384722,28386190,28385806,28384986,28384567,28385158",60,1630522535,The Guide to Kubernetes Labels,story,https://blog.kubecost.com/blog/kubernetes-labels/
animalia,109,28381324,"28382306,28382249,28382144,28382310,28382463,28381875,28383147,28382086,28383480,28381969,28382447,28382505,28382346,28381920,28383327,28385547,28383293",168,1630511379,Tyler Cowen is a curator of talent,story,https://kulesa.substack.com/p/tyler-cowen-is-the-best-curator-of
gmays,85,28380532,"28382416,28383125,28381947,28381480,28383074,28385429,28383710,28385153,28383142,28402004,28387767,28381267",176,1630507852,Rogue antibodies involved in almost one-fifth of Covid deaths,story,https://www.nature.com/articles/d41586-021-02337-5
SmkyMt,107,28716643,"28717054,28719629,28717928,28718663,28719886,28721414,28718578,28718759,28729882,28717457,28718180,28719708,28717234,28718931,28717972",234,1633084180,"Facebook’s documents about Instagram and teens, published",story,https://www.wsj.com/articles/facebook-documents-instagram-teens-11632953840
